Variable name,Variable description,Unit,Dim1,Dim2,Dim3,Dim4,Domain,History start,History end,Forecast start,Source/Comment,Summary,Detailed,Aggregation
PRSCX,Price levels (2010=100) from E3ME,index,RTI,,,TIME,FTT-P,-,-,2010,From E3ME results,Y,Y,mean
PRSC15,Price levels in 2015 (2010=100),index,RTI,,,TIME,FTT-P,-,-,2001,-,Y,Y,mean
RPOP,Population by age and gender,Thousands,RTI,,,TIME,General,1970,-,2001,-,,Y,
PFRE,Price of electricity use [E3ME],euros/toe,RTI,FUTI,,TIME,General,-,2016,2010,From E3ME results,,Y,
PFRC,Price of coal use [E3ME],euros/toe,RTI,FUTI,,TIME,General,-,2016,2010,From E3ME results,,Y,
PFRO,Price of heavy oil use [E3ME],euros/toe,RTI,FUTI,,TIME,General,1970,2016,2010,From E3ME results,,Y,
PFRM,Price of middle distillates [E3ME],euros/toe,RTI,FUTI,,TIME,General,-,2016,2010,From E3ME results,,Y,
PFRB,Price of biofuel use (incl taxes) [E3ME],euros/toe,RTI,FUTI,,TIME,General,-,2016,2010,From E3ME results,,Y,
PFRH,Endogenous energy price with tax [E3ME],euros/toe,RTI,FUTI,,TIME,General,1970,2016,2010,From E3ME results,,Y,
PRSC13,Price levels in 2013 (2010=100),index,RTI,,,TIME,FTT-P,-,-,2001,-,,Y,mean
MWMC,FTT:Power marginal costs,$2013/MWh,RTI,T2TI,,TIME,FTT-P,-,-,2001,-,,Y,mean
MWLO,FTT:Power optimal/initial load factors,%,RTI,T2TI,,TIME,FTT-P,-,-,2001,-,,Y,mean
MWKA,FTT:Power exogenous capacity levels (GW),GW,RTI,T2TI,,TIME,FTT-P,-,-,2010,-,,Y,mode
coal phaseout,Switch for a coal phase-out,,,,,,FTT_P,-,-,-,-,-,Y,
MWIY,FTT:Power yearly investment,meuros2010,RTI,T2TI,,TIME,FTT-P,-,-,2001,-,,Y,sum
MWICX,Exogenous FTT:Power investment cost component,$2013/MWh,RTI,T2TI,,TIME,FTT-P,-,-,2010,-,,Y,mean
MWIC,FTT:Power investment cost component,$2013/MWh,RTI,T2TI,,TIME,FTT-P,-,-,2001,-,,Y,mean
MWFCX,Exogenous FTT:Power fuel cost component,$2013/MWh,RTI,T2TI,,TIME,FTT-P,-,-,2010,-,,Y,mean
MWFC,FTT:Power fuel cost component,$2013/MWh,RTI,T2TI,,TIME,FTT-P,-,-,2001,-,,Y,mean
MWDT,Matrix of tech top load band NETxNLB,na,,T2TI,LBTI,,FTT-P,-,-,2001,-,,Y,no
MWDD,Matrix of load band tech suitability NETxNLB,na,,T2TI,LBTI,,FTT-P,-,-,2001,-,,Y,no
MTCD,METC standard deviation,$2013/MWh,RTI,T2TI,,TIME,FTT-P,-,-,2001,-,,Y,mean
MSSR,FTT:Power short-term storage raw costs (2013$/GWh),2013$/GWh,RTI,,,TIME,FTT-P,,,2001,,,Y,mean
MSSPX,Exogenous MSSP (from E3ME run),$2013/GWh,RTI,T2TI,,TIME,FTT-P,-,-,2010,From E3ME results,,Y,mean
MSSP,FTT:Power short-term storage costs (2013$/GWh) ,$2013/GWh,RTI,T2TI,,TIME,FTT-P,-,-,2001,-,,Y,mean
MSSMX,Exogenous MSSM (from E3ME run),$2013/GWh,RTI,T2TI,,TIME,FTT-P,-,-,2010,From E3ME results,,Y,mean
MSSM,FTT:Power short-term storage marginal costs (2013$/GWh),$2013/GWh,RTI,T2TI,,TIME,FTT-P,-,-,2001,-,,Y,mean
MSSI,FTT:Power short-term storage investment (2010 mEuro),meuros2010,RTI,T2TI,,TIME,FTT-P,-,-,2001,-,,Y,sum
MSSG,FTT:Power short-term storage additional electricity demand (GWh/y),GWh,RTI,,,TIME,FTT-P,-,-,2001,-,,Y,sum
MSSF,FTT:Power short-term storage load factor (-),%,RTI,,,TIME,FTT-P,-,-,2001,-,,Y,mean
MSSE,Short-term storage round-trop efficiency,%,RTI,,,TIME,FTT-P,,,2011,,,Y,mean
MSSC_histend,FTT:Power short-term storage capacity (GW) in 2020,GW,RTI,,,TIME,FTT-P,-,2023,2001,-,,Y,
MSSC,FTT:Power short-term storage capacity (GW),GW,RTI,,,TIME,FTT-P,-,-,2001,-,,Y,sum
MSRV,FTT:Power survival function (Created inside code),%,RTI,T2TI,TYTI,,FTT-P,-,-,2001,-,,Y,mean
MSLB,FTT:Power shares of capacity by tech x load band,na,RTI,T2TI,LBTI,TIME,FTT-P,-,-,2001,-,,Y,mean
MSCC,Short-term storage levelised cost estimate,2013$/GWh,RTI,,,TIME,FTT-P,,,2013,,,Y,mean
MSAL,"Switch for storage cost and investment allocation (0=No, 1=G, 2=C, 3=M)",na,RTI,,,TIME,FTT-P,-,-,2001,-,,Y,mode
MRES,Fossil reserves and REN remaining technical potentials (PJ),PJ,RTI,ERTI,,TIME,FTT-P,-,-,2001,-,,Y,sum
MRED,Natural resources and REN full technical potentials (PJ),PJ,RTI,ERTI,,TIME,FTT-P,-,-,2001,-,,Y,sum
MPTR,Extraction rate of resources,na,RTI,ERTI,,TIME,FTT-P,-,-,2010,From E3ME results,,Y,mean
MMCD,FTT:Power standard deviation of marginal costs,$2013/MWh,RTI,T2TI,,TIME,FTT-P,-,-,2001,-,,Y,mean
MLSR,FTT:Power long-term storage raw costs (2013$/GWh),2013$/GWh,RTI,,,TIME,FTT-P,,,,,,Y,mean
MLSP,FTT:Power long-term storage costs (2013$/GWh),$2013/GWh,RTI,T2TI,,TIME,FTT-P,-,-,2001,-,,Y,mean
MLSM,FTT:Power long-term storage marginal costs (2013$/GWh),$2013/GWh,RTI,T2TI,,TIME,FTT-P,-,-,2001,-,,Y,mean
MLSI,FTT:Power long-term storage investment (2010 mEuro),meuros2010,RTI,T2TI,,TIME,FTT-P,-,-,2001,-,,Y,sum
MLSG,FTT:Power long-term storage additional electricity demand (GWh/y),GWh,RTI,,,TIME,FTT-P,-,-,2001,-,,Y,sum
MLSF,FTT:Power long-term storage load factor (-),%,RTI,,,TIME,FTT-P,-,-,2001,-,,Y,mean
MLSE,Long-term storage round-trip efficiency,%,RTI,,,TIME,FTT-P,,,2010,,,Y,mean
MLSC_histend,FTT:Power long-term storage capacity (GW) in 2020,GW,,,,TIME,FTT-P,-,-,2001,-,,Y,
MLSC,FTT:Power long-term storage capacity (GW),GW,RTI,,,TIME,FTT-P,-,-,2001,-,,Y,sum
MLLB,FTT:Power load factors (%) by tech x load band,%,RTI,T2TI,LBTI,TIME,FTT-P,-,-,2001,-,,Y,mean
Gen_by_lb,Generation by technology and load band,GWh,RTI,T2TI,LBTI,TIME,FTT-P,-,-,2001,-,,Y,
MLCC,Long-term storage levelised cost estimate,2013$/GWh,RTI,,,TIME,FTT-P,,,2012,,,Y,mean
MLBP,FTT:Power Maximum marginal costs per load band (serves as the price),,RTI,LBTI,,TIME,FTT-P,,,2001,,,Y,mean
MLB1,Normalised residual load band heights (-),%,RTI,LBTI,,TIME,FTT-P,,,2001,,,Y,mean
MLB0,Cumulative residual load band heights (-),%,RTI,LBTI,,TIME,FTT-P,,,2001,,,Y,mean
MKLB,Capacity by load band,GW,RTI,LBTI,,TIME,FTT-P,-,-,2001,-,,Y,sum
FRET,Energy supply,ktoe,RTI,FUTI,,TIME,FTT-P,-,-,2010,,,Y,
MJET,FTT:Power technology to fuel use conversion matrix excl CCS,na,,T2TI,JTI,,FTT-P,-,-,2001,-,,Y,no
MJEP,FTT:Power marginal cost of fuels,$2013/MWh,RTI,JTI,,TIME,FTT-P,-,-,2001,-,,Y,mean
MJEF,FTT-P Final energy consumption (ktoe),ktoe,RTI,T2TI,,TIME,FTT-P,-,-,2001,-,,Y,sum
MJCO,FTT:Power fuel use that produces emissions incl CCS,ktoe,RTI,JTI,,TIME,FTT-P,-,-,2001,-,,Y,sum
MGLB,Generation by load band,GWh,RTI,LBTI,,TIME,FTT-P,-,-,2001,-,,Y,sum
MEWW,FTT-P Cumulative global capacity (GW),GW,,T2TI,,TIME,FTT-P,-,2013,2001,-,,Y,no
MEWT,FTT-P Upfront subsidies (%),%,RTI,T2TI,,TIME,FTT-P,-,-,2001,-,,Y,mean
MEWS,FTT:Power shares of capacity by tech,na,RTI,T2TI,,TIME,FTT-P,-,-,2001,-,,Y,mean
MEWR,FTT-P regulations on capacity,GW,RTI,T2TI,,TIME,FTT-P,-,-,2001,-,,Y,mode
MEWP,FTT:Power marginal costs of fuels ($2013/GJ),$2013/GJ,RTI,JTI,,TIME,FTT-P,-,-,2001,-,,Y,mean
MEWL,FTT:Power load factors (%),%,RTI,T2TI,,TIME,FTT-P,-,-,2001,-,,Y,mean
MEWK,FTT-P Capacity by technology (GW),GW,RTI,T2TI,,TIME,FTT-P,-,-,2010,-,Y,Y,sum
MEWI,FTT-P Installed capacity additions (GW),GW,RTI,T2TI,,TIME,FTT-P,-,-,2001,-,,Y,sum
MEWG,FTT-P Generation by technology (GWh),GWh,RTI,T2TI,,TIME,FTT-P,-,2022,2001,-,Y,Y,sum
MEWE,FTT:Power CO2 emissions,MtCO2/y,RTI,T2TI,,TIME,FTT-P,-,-,2001,-,,Y,sum
MEWDX,Exogenous demand for energy resources,PJ,RTI,JTI,,TIME,FTT-P,-,-,2010,From E3ME results,,Y,sum
MEWD,FTT:Power demand for fuels (PJ),PJ,RTI,JTI,,TIME,FTT-P,-,-,2010,-,,Y,sum
MWDL,FTT:Power lagged demand,PJ,RTI,JTI,,TIME,FTT-P,,,2010,-,,Y,sum
FR08,Exogenous electricity demand,ktoe,RTI,FUTI,,TIME,General,-,-,2003,From E3ME results,,Y,
MEWC,"LCOE bare, no policies, no carbon cost (2013$/MWh)",USD/MWh,RTI,T2TI,,TIME,FTT-P,-,-,2001,-,,Y,mean
MEWB,Spillover learning matrix,%,,T2TI,T2TI,,FTT-P,-,-,2001,-,,Y,no
MEWA,Substitution matrix,rate,RTI,T2TI,T2TI,,FTT-P,-,-,2001,-,,Y,mean
PMF,Prices of import groups (2010=1),$,,MTI,,TIME,General,-,-,2010,From E3ME results,,Y,
RERY,Primary energy supply before trade,PJ,RTI,ERTI,,TIME,General,-,-,2010,From E3ME results,,Y,sum
DPAR,Forecast of population groups,th person,RTI,DPTI,,TIME,General,-,-,2010,From E3ME results,,Y,
METC,"LCOE (as seen by investors) incl carbon price, subsidies, FiT (2013$/MWh)",USD/MWh,RTI,T2TI,,TIME,FTT-P,-,-,2001,-,,Y,mean
MLCO,Levelised costs of operation,USD/MWh,RTI,T2TI,,TIME,FTT-P,-,-,2001,-,,Y,
MESC,FTT:Power cost of early scrapping power equipment,meuros2010,RTI,T2TI,,TIME,FTT-P,-,-,2001,-,,Y,sum
MES2,FTT:Power market share limitation 2,na,RTI,T2TI,,TIME,FTT-P,-,-,2001,-,,Y,mean
MES1,FTT:Power market share limitation 1,na,RTI,T2TI,,TIME,FTT-P,-,-,2001,-,,Y,mean
MERC,FTT Resource prices or costs (2013$/GJ or 2013$/MWh),2013$/GJ or 2013$/MWh,RTI,ERTI,,TIME,FTT-P,-,-,2001,-,,Y,mean
MEPD,FTT:Power total primary energy demand by resource type (PJ),PJ,RTI,ERTI,,TIME,FTT-P,-,-,2001,-,,Y,sum
MELO,"Electricity demand residual (due to imports, losses, ets.)",GWh,RTI,,,TIME,FTT-P,-,-,2001,-,,Y,sum
MELF,FTT:Power lifetime of power equipment,y,RTI,T2TI,,TIME,FTT-P,-,-,2001,-,,Y,mean
MEKA,FTT:Power age-tracking matrix of existing capacity,GW,RTI,T2TI,TYTI,TIME,FTT-P,-,-,2001,-,,Y,sum
MEFI,FTT:Power feed-in-tariffs,USD/MWh,RTI,T2TI,,TIME,FTT-P,-,-,2001,-,,Y,mean
MECW,"LCOE bare, no policies, with carbon cost (2013$/MWh)",USD/MWh,RTI,T2TI,,TIME,FTT-P,-,-,2001,-,,Y,mean
MECW battery only,"LCOE bare, no policies, only battery costs",USD/MWh,RTI,T2TI,,TIME,FTT-P,-,-,2001,-,,Y,
MECS,LCOE incl. carbon price incl subsidies no FiT (2013$/MWh),USD/MWh,RTI,T2TI,,TIME,FTT-P,-,-,2001,-,,Y,mean
MECD,MEWC standard deviation,USD/MWh,RTI,T2TI,,TIME,FTT-P,-,-,2001,-,,Y,mean
MECC,LCOE (for price) no carbon price incl subsidies incl CF (2013$/MWh),USD/MWh,RTI,T2TI,,TIME,FTT-P,-,-,2001,-,,Y,mean
MECC incl CO2,LCOE (for price) including all policies (2013$/MWh),USD/MWh,RTI,T2TI,,TIME,FTT-P,-,-,2001,-,,Y,
MECC only CO2,LCOE (for price) including all policies (2013$/MWh),USD/MWh,RTI,T2TI,,TIME,FTT-P,-,-,2001,-,,Y,
MEC6,TLCOE load band 6,USD/MWh,RTI,T2TI,,TIME,FTT-P,-,-,2001,-,,Y,mean
MEC5,TLCOE load band 5,USD/MWh,RTI,T2TI,,TIME,FTT-P,-,-,2001,-,,Y,mean
MEC4,TLCOE load band 4,USD/MWh,RTI,T2TI,,TIME,FTT-P,-,-,2001,-,,Y,mean
MEC3,TLCOE load band 3,USD/MWh,RTI,T2TI,,TIME,FTT-P,-,-,2001,-,,Y,mean
MEC2,TLCOE load band 2,USD/MWh,RTI,T2TI,,TIME,FTT-P,-,-,2001,-,,Y,mean
MEC1,TLCOE load band 1,USD/MWh,RTI,T2TI,,TIME,FTT-P,-,-,2001,-,,Y,mean
MCTN,FTT:Power Net curtailment rate by technology (-),%,RTI,T2TI,,TIME,FTT-P,,,2001,,,Y,mean
HJET,FTT-Heat Tech to fuel conversion matrix,,,HTTI,JTI,,FTT-H,,,,,,,
HJFC,FTT-Heat Fraction of energy use for heating in households,,RTI,JTI,,,FTT-H,,,,,,,
HEWA,FTT-Heat Substitution matrix,,,HTTI,HTTI,,FTT-H,,,,,,,
HEWB,FTT-Heat Technology spill-over matrix,,,HTTI,HTTI,,FTT-H,,,,,,,
HEWW,FTT-Heat Global cumulative investment,GW,,HTTI,,TIME,FTT-H,,2014,2014,,,,
HFIN,FTT-Heat Interest rates,%,RTI,HTTI,,TIME,FTT-H,,,2001,,,,
HFFC,FTT-Heat Fuel price rates,%,RTI,JTI,,TIME,FTT-H,,,2001,,,,
HEWF,FTT-Heat Final energy demand for heat generation,GWh/y,RTI,HTTI,,TIME,FTT-H,,2020,1990,,Y,Y,
RHUD,FTT-Heat Useful energy demand,GWh/y,RTI,,,TIME,FTT-H,,,2001,,,,
HTVS,FTT-Heat Subsidy on investment cost,%,RTI,HTTI,,TIME,FTT-H,,,2001,,,,
HTRT,FTT-Heat Subsidy/tax on fuel use,%,RTI,HTTI,,TIME,FTT-H,,,2001,,,,
HREG,FTT-Heat Regulations on heating technologies,,RTI,HTTI,,TIME,FTT-H,,,2001,,,,
HWSA,FTT-Heat Exogenous market share changes,%,RTI,HTTI,,TIME,FTT-H,,,2001,,,,
HP mandate,FTT-Heat,heat pump mandate info,RTI,MAN,,,FTT-H,,,,,,,
HEFI,FTT-Heat Feed-in-tariff,%,RTI,HTTI,,TIME,FTT-H,,,2001,,,,
HETR,FTT-Heat Turn-over rate,%,RTI,HTTI,,TIME,FTT-H,,,2001,,,,
BHTC,FTT-Heat Cost matrix,,RTI,HTTI,C4TI,,FTT-H,,,2014,,,,
HEWG,FTT-Heat Useful heat by boiler,GWh,RTI,HTTI,,TIME,FTT-H,,,2014,,Y,Y,
HEWE,FTT-Heat Emissions,Mt,RTI,HTTI,,TIME,FTT-H,,,2014,,Y,Y,
HJHF,FTT-Heat Fuel use for heating,GWh,RTI,JTI,,TIME,FTT-H,,,2014,,Y,Y,
HEWP,FTT-Heat Price rates by boiler,,RTI,HTTI,,TIME,FTT-H,,,2010,,,,
HEWK,FTT-Heat Capacity,GW,RTI,HTTI,,TIME,FTT-H,,,,,Y,Y,
HEWI,FTT-Heat Capacity Additions,GW,RTI,HTTI,,TIME,FTT-H,,,2014,,Y,Y,
HEWC,FTT-Heat LCOH no policies,Eur/kWhUD,RTI,HTTI,,TIME,FTT-H,,,2014,,Y,Y,
HETC,FTT-Heat LCOH all policies,Eur/kWhUD,RTI,HTTI,,TIME,FTT-H,,,2014,,Y,Y,
HGC1,FTT-Heat LCOH w policies & Gamma,Eur/kWhUD,RTI,HTTI,,TIME,FTT-H,,,2014,,,,
HWCD,FTT-Heat LCOH no policies,Eur/kWhUD,RTI,HTTI,,TIME,FTT-H,,,2014,,,,
HGC2,"FTT-Heat Marginal cost w policies, Gamma, for endo scrapping",Eur/kWhUD,RTI,HTTI,,TIME,FTT-H,,,2014,,,,
HGD2,"FTT-Heat SD Marginal cost w policies, Gamma, for endo scrapping",Eur/kWhUD,RTI,HTTI,,TIME,FTT-H,,,2014,,,,
HGC3,"FTT-Heat Payback cost w policies, Gamma, for endogenous scrapping",Eur/kWhUD,RTI,HTTI,,TIME,FTT-H,,,2014,,,,
HGD3,"FTT-Heat SD Payback cost w policies, Gamma, for endo scrapping",Eur/kWhUD,RTI,HTTI,,TIME,FTT-H,,,2014,,,,
HEWS,FTT-Heat Market Shares,,RTI,HTTI,,TIME,FTT-H,,2014,2014,,Y,Y,
HJEF,FTT-Heat Residential fuel use,ktoe,RTI,JTI,,TIME,FTT-H,,,2014,,,,
HWIC,FTT-H Technology investment costs,Eur/kW,RTI,HTTI,,TIME,FTT-H,,,2014,,,Y,
HEFF,FTT-H Technology efficiency,,RTI,HTTI,,TIME,FTT-H,,,2014,,,Y,
FU14A,Fuel demand for heating in 2014,GWh,RTI,JTI,,,FTT-H,-,-,,-,,Y,
FU14B,Fuel demand for heating in 2014,ktoe,RTI,JTI,,,FTT-H,-,-,,-,,Y,
TWSA,FTT-Transport Exogenous vehicle sales (must sum to zero),th-veh,RTI,VTTI,,TIME,FTT-Tr,,,2001,,,,
EV mandate,FTT:Tr mandate info,,RTI,MAN,,,FTT-Tr,-,-,-,-,Y,Y,
EV CO2 regulation,FTT:Tr emissions regulation info,,RTI,MAN,,,FTT-Tr,-,-,-,-,Y,Y,
TWIY,FTT-Transport Investment in private vehicles,2000$M (Correct year?),RTI,VTTI,,TIME,FTT-Tr,,,2017,,,,
TVFP,FTT-Transport,$2012/vkm (?),RTI,VTTI,,TIME,FTT-Tr,,,2017,,,,
TTVT,FTT-Transport Vehicle tax,th $/veh,RTI,VTTI,,TIME,FTT-Tr,,,2001,,,,
TTRT,FTT-Transport Road tax,$/y,RTI,VTTI,,TIME,FTT-Tr,,,2001,,,,
TREG,FTT-Transport Regulations,share of technology,RTI,VTTI,,TIME,FTT-Tr,,,2001,,,,
TLCD,FTT-Transport log(levelised costs) variation,$/pkm,RTI,VTTI,,TIME,FTT-Tr,,,2017,,,,
TJET,FTT-Transport Fuel converter,,,VTTI,JTI,,FTT-Tr,,,,,,,
TJEF,FTT-Transport fuel use,ktoe,RTI,JTI,,TIME,FTT-Tr,,,2017,,Y,Y,
TGAM,FTT-Transport Gamma Values,,RTI,VTTI,,TIME,FTT-Tr,,,2014,,,,
TEWW,FTT-Transport cumulative sales,th-veh,,VTTI,,TIME,FTT-Tr,,2022,2012,,Y,Y,
TEWS,FTT-Transport Market shares,,RTI,VTTI,,TIME,FTT-Tr,,2023,1990,,Y,Y,
TEWK,FTT-Transport fleet size,th-veh,RTI,VTTI,,TIME,FTT-Tr,,,2017,,Y,Y,
TEWI,FTT-Transport sales,th-veh,RTI,VTTI,,TIME,FTT-Tr,,,2017,,Y,Y,
TEWG,FTT-Transport demand by technology,mln km/y,RTI,VTTI,,TIME,FTT-Tr,,,2017,,Y,Y,
TEWE,FTT-Transport emissions,Mt,RTI,VTTI,,TIME,FTT-Tr,,,2017,,Y,Y,
TEWC,FTT-Transport levelised costs (no taxes),$/pkm,RTI,VTTI,,TIME,FTT-Tr,,,2017,,Y,Y,
TEWB,FTT-Transport Technology spill-over matrix,,,VTTI,VTTI,,FTT-Tr,,,,,,,
TEWA,FTT-Transport Technology substitution matrix,,,VTTI,VTTI,,FTT-Tr,,,,,,,
PFRG,Price of gas (euros/toe) [E3ME],euros/toe,RTI,FUTI,,TIME,General,-,2016,2010,From E3ME results,,Y,
TETH,FTT-Transport Efficiency ,,RTI,VYTI,,,FTT-Tr,,,,,,,
TETC,FTT-Transport levelised costs with taxes,$/pkm,RTI,VTTI,,TIME,FTT-Tr,,,2017,,,Y,
TESH,FTT-Transport Vehicle sales,th-veh,RTI,VYTI,,,FTT-Tr,,,,,Y,Y,
TESF,FTT-Transport Survival function,th-veh,RTI,VYTI,,,FTT-Tr,,,,,,,
TELC,"FTT-Transport Generalised cost of transport, with tax + non-pecuniary, lognormal space",,RTI,VTTI,,TIME,FTT-Tr,,,2017,,,,
TEGC,FTT-Transport Levelised cost of transport with tax + non-pecuniary,$/pkm,RTI,VTTI,,TIME,FTT-Tr,,,2017,,,,
TEFF,FTT-Transport ,,RTI,VTTI,,TIME,FTT-Tr,,,2017,,,,
TECD,FTT-Transport Levelised cost of transport variations ,$/pkm,RTI,VTTI,,TIME,FTT-Tr,,,2017,,,,
TE3P,FTT-Tr Fuel Prices ,2013 $/toe,RTI,JTI,,TIME,FTT-Tr,,2016,2010,,,,
TEVC,FTT-Tr cost of EV without battery,USD/veh,RTI,VTTI,,TIME,FTT-Tr,,,2001,,,,
TWWB,FTT-Tr starting cumulative battery capacity,MWh,,VTTI,,TIME,FTT-Tr,,,2012,,,,
TWIC,FTT-Tr Vehicle purchase price,USD/veh,RTI,VTTI,,TIME,FTT-Tr,,,2012,,,Y,
TWFC,FTT-Tr Fuel cost component,$/pkm,RTI,VTTI,,TIME,FTT-Tr,,,2012,,,Y,
RVKM,FTT-Transport Passenger road driving demand,km/y/veh,RTI,,,TIME,FTT-Tr,,,2001,,,,
RTFT,FTT-Transport Fuel tax,cents/litre,RTI,,,TIME,FTT-Tr,,,2001,,,,
RTCO,FTT-Transport Registration tax,$/gCO2/km,RTI,,,TIME,FTT-Tr,,,2001,,,,
Base registration rate,FTT-Transport Registration tax,share,RTI,VTTI,,TIME,FTT-Tr,,,2001,,,Y,
RLTA,FTT-Transport age-tracking matrix,th-veh,RTI,VTTI,VYTI,TIME,FTT-Tr,,,2017,,,,
RHSM,FTT-Transport Hydrogen blending mandate,share H2 in freight,RTI,,,TIME,FTT-Tr,,,2001,,,,
RFLT,FTT-Transport Fleet stocks in use (from survival),th-veh,RTI,,,TIME,FTT-Tr,,,2001,,,,
REVS,FTT-Transport vehicle scrappage,th-veh/y,RTI,VTTI,,TIME,FTT-Tr,,,2017,,,,
RBFM,FTT-Transport Biofuel blending mandate,%,RTI,,,TIME,FTT-Tr,,,2001,,,,
BTTC,FTT-Transport Cost matrix,,RTI,VTTI,C3TI,,FTT-Tr,,,2014,,,,
BTCI,FTT-Transport  initial cost matrix,,RTI,VTTI,C3TI,,FTT-Tr,,,2014,,,,
TDA1,FTT-Tr last year of shares data,,RTI,,,,FTT-Tr,,,,,,,
TDA2,FTT-Tr last year of cost data,,RTI,,,,FTT-Tr,,,,,,,
IUD1,FTT-IH-CHI useful energy demand (GWh),GWh,RTI,ITTI,,TIME,FTT-IH-CHI,1970,2015,1970,,Y,Y,
ISC1,FTT-IH-CHI market share caps,%,RTI,ITTI,,TIME,FTT-IH-CHI,-,-,2015,-,Y,Y,
IWW1,FTT-IH-CHI cumulative capacities (EU28),GW,,ITTI,,TIME,FTT-IH-CHI,-,-,2015,,Y,Y,
IWI1,FTT-IH-CHI yearly capacity additions,GW,RTI,ITTI,,TIME,FTT-IH-CHI,1971,2015,1971,,Y,Y,
IWK1,FTT-IH-CHI yearly capacity ,GW,RTI,ITTI,,TIME,FTT-IH-CHI,1970,2015,1970,,Y,Y,
IWA1,FTT-IH-CHI substitution matrix,rate,,ITTI,ITTI,,FTT-IH-CHI,-,-,,,Y,Y,
BIC1,FTT-IH-CHI cost matrix,various,RTI,ITTI,CTTI,,FTT-IH-CHI,-,-,,,Y,Y,
IWS1,FTT-IH-CHI market shares,%,RTI,ITTI,,TIME,FTT-IH-CHI,2000,2015,2000,,Y,Y,
IWB1,FTT-IH-CHI learning spillover matrix,%,,ITTI,ITTI,,FTT-IH-CHI,-,-,,,Y,Y,
IFD1,FTT-IH-CHI final energy demand,GWh,RTI,ITTI,,TIME,FTT-IH-CHI,-,-,2000,,Y,Y,
ILC1,FTT-IH-CHI The real bare LC without taxes,Meuros/MWh,RTI,ITTI,,TIME,FTT-IH-CHI,-,-,2000,,Y,Y,
ILG1,FTT-IH-CHI LC as seen by consumer,Meuros/MWh,RTI,ITTI,,TIME,FTT-IH-CHI,-,-,2000,,Y,Y,
ILD1,FTT-IH-CHI LC standard deviation,Meuros/MWh,RTI,ITTI,,TIME,FTT-IH-CHI,-,-,2000,,Y,Y,
IWE1,FTT-IH-CHI Emissions,kt of CO2,RTI,ITTI,,TIME,FTT-IH-CHI,,,2000,,,,
IHW1,FTT-IH-CHI Global average emissions per UED (kt of CO2/GWh),kt of CO2/GWh,,ITTI,,TIME,FTT-IH-CHI,,,2000,,,,
IAM1,FTT-IH-CHI gamma values,,RTI,ITTI,,TIME,FTT-IH-CHI,,,2000,,Y,Y,
IRG1,FTT-IH-CHI regulations (based on capacity),GW,RTI,ITTI,,TIME,FTT-IH-CHI,,,2000,,,,
ISB1,FTT-IH-CHI subsidies (percentage of investment cost),%,RTI,ITTI,,TIME,FTT-IH-CHI,,,2000,,,,
IXS1,FTT-IH-CHI exogenous share changes,%,RTI,ITTI,,TIME,FTT-IH-CHI,,,2000,,,,
IUD2,FTT-IH-FBT useful energy demand (GWh),GWh,RTI,ITTI,,TIME,FTT-IH-FBT,1970,2015,1970,,Y,Y,
ISC2,FTT-IH-FBT market share caps,%,RTI,ITTI,,TIME,FTT-IH-FBT,-,-,2015,-,Y,Y,
IWW2,FTT-IH-FBT cumulative capacities (EU28),GW,,ITTI,,TIME,FTT-IH-FBT,-,-,2015,,Y,Y,
IWI2,FTT-IH-FBT yearly capacity additions,GW,RTI,ITTI,,TIME,FTT-IH-FBT,1971,2015,1971,,Y,Y,
IWK2,FTT-IH-FBT yearly capacity ,GW,RTI,ITTI,,TIME,FTT-IH-FBT,1970,2015,1970,,Y,Y,
IWA2,FTT-IH-FBT substitution matrix,rate,,ITTI,ITTI,,FTT-IH-FBT,-,-,,,Y,Y,
BIC2,FTT-IH-FBT cost matrix,various,RTI,ITTI,CTTI,,FTT-IH-FBT,-,-,,,Y,Y,
IWS2,FTT-IH-FBT market shares,%,RTI,ITTI,,TIME,FTT-IH-FBT,2000,2015,2000,,Y,Y,
IWB2,FTT-IH-FBT learning spillover matrix,%,,ITTI,ITTI,,FTT-IH-FBT,-,-,,,Y,Y,
IFD2,FTT-IH-FBT final energy demand,GWh,RTI,ITTI,,TIME,FTT-IH-FBT,-,-,2000,,Y,Y,
ILC2,FTT-IH-FBT The real bare LC without taxes,Meuros/MWh,RTI,ITTI,,TIME,FTT-IH-FBT,-,-,2000,,Y,Y,
ILG2,FTT-IH-FBT LC as seen by consumer,Meuros/MWh,RTI,ITTI,,TIME,FTT-IH-FBT,-,-,2000,,Y,Y,
ILD2,FTT-IH-FBT LC standard deviation,Meuros/MWh,RTI,ITTI,,TIME,FTT-IH-FBT,-,-,2000,,Y,Y,
IWE2,FTT-IH-FBT Emissions,kt of CO2,RTI,ITTI,,TIME,FTT-IH-FBT,2000,2015,2000,,,,
IHW2,FTT-IH-FBT Global average emissions per UED (kt of CO2/GWh),kt of CO2/GWh,,ITTI,,TIME,FTT-IH-FBT,2000,2015,2000,,,,
IAM2,FTT-IH-FBT gamma values,,RTI,ITTI,,TIME,FTT-IH-FBT,-,-,2000,,Y,Y,
IRG2,FTT-IH-FBT regulations (based on capacity),GW,RTI,ITTI,,TIME,FTT-IH-FBT,,,2000,,,,
ISB2,FTT-IH-FBT subsidies (percentage of investment cost),%,RTI,ITTI,,TIME,FTT-IH-FBT,,,2000,,,,
IXS2,FTT-IH-FBT exogenous share changes,%,RTI,ITTI,,TIME,FTT-IH-FBT,,,2000,,,,
IUD3,FTT-IH-MTM useful energy demand (GWh),GWh,RTI,ITTI,,TIME,FTT-IH-MTM,1970,2015,1970,,Y,Y,
ISC3,FTT-IH-MTM market share caps,%,RTI,ITTI,,TIME,FTT-IH-MTM,-,-,2015,-,Y,Y,
IWW3,FTT-IH-MTM cumulative capacities (EU28),GW,,ITTI,,TIME,FTT-IH-MTM,-,-,2015,,Y,Y,
IWI3,FTT-IH-MTM yearly capacity additions,GW,RTI,ITTI,,TIME,FTT-IH-MTM,1971,2015,1971,,Y,Y,
IWK3,FTT-IH-MTM yearly capacity ,GW,RTI,ITTI,,TIME,FTT-IH-MTM,1970,2015,1970,,Y,Y,
IWA3,FTT-IH-MTM substitution matrix,rate,,ITTI,ITTI,,FTT-IH-MTM,-,-,,,Y,Y,
BIC3,FTT-IH-MTM cost matrix,various,RTI,ITTI,CTTI,,FTT-IH-MTM,-,-,,,Y,Y,
IWS3,FTT-IH-MTM market shares,%,RTI,ITTI,,TIME,FTT-IH-MTM,2000,2015,2000,,Y,Y,
IWB3,FTT-IH-MTM learning spillover matrix,%,,ITTI,ITTI,,FTT-IH-MTM,-,-,,,Y,Y,
IFD3,FTT-IH-MTM final energy demand,GWh,RTI,ITTI,,TIME,FTT-IH-MTM,-,-,2000,,Y,Y,
ILC3,FTT-IH-MTM The real bare LC without taxes,Meuros/MWh,RTI,ITTI,,TIME,FTT-IH-MTM,-,-,2000,,Y,Y,
ILG3,FTT-IH-MTM LC as seen by consumer,Meuros/MWh,RTI,ITTI,,TIME,FTT-IH-MTM,-,-,2000,,Y,Y,
ILD3,FTT-IH-MTM LC standard deviation,Meuros/MWh,RTI,ITTI,,TIME,FTT-IH-MTM,-,-,2000,,Y,Y,
IWE3,FTT-IH-MTM Emissions,kt of CO2,RTI,ITTI,,TIME,FTT-IH-MTM,2000,2015,2000,,,,
IHW3,FTT-IH-MTM Global average emissions per UED (kt of CO2/GWh),kt of CO2/GWh,,ITTI,,TIME,FTT-IH-MTM,2000,2015,2000,,,,
IAM3,FTT-IH-MTM gamma values,,RTI,ITTI,,TIME,FTT-IH-MTM,-,-,2000,,Y,Y,
IRG3,FTT-IH-MTM regulations (based on capacity),GW,RTI,ITTI,,TIME,FTT-IH-MTM,,,2000,,,,
ISB3,FTT-IH-MTM subsidies (percentage of investment cost),%,RTI,ITTI,,TIME,FTT-IH-MTM,,,2000,,,,
IXS3,FTT-IH-MTM exogenous share changes,%,RTI,ITTI,,TIME,FTT-IH-MTM,,,2000,,,,
IUD4,FTT-IH-NMM useful energy demand (GWh),GWh,RTI,ITTI,,TIME,FTT-IH-NMM,1970,2015,1970,,Y,Y,
ISC4,FTT-IH-NMM market share caps,%,RTI,ITTI,,TIME,FTT-IH-NMM,-,-,2015,-,Y,Y,
IWW4,FTT-IH-NMM cumulative capacities (EU28),GW,,ITTI,,TIME,FTT-IH-NMM,-,-,2015,,Y,Y,
IWI4,FTT-IH-NMM yearly capacity additions,GW,RTI,ITTI,,TIME,FTT-IH-NMM,1971,2015,1971,,Y,Y,
IWK4,FTT-IH-NMM yearly capacity ,GW,RTI,ITTI,,TIME,FTT-IH-NMM,1970,2015,1970,,Y,Y,
IWA4,FTT-IH-NMM substitution matrix,rate,,ITTI,ITTI,,FTT-IH-NMM,-,-,,,Y,Y,
BIC4,FTT-IH-NMM cost matrix,various,RTI,ITTI,CTTI,,FTT-IH-NMM,-,-,,,Y,Y,
IWS4,FTT-IH-NMM market shares,%,RTI,ITTI,,TIME,FTT-IH-NMM,2000,2015,2000,,Y,Y,
IWB4,FTT-IH-NMM learning spillover matrix,%,,ITTI,ITTI,,FTT-IH-NMM,-,-,,,Y,Y,
IFD4,FTT-IH-NMM final energy demand,GWh,RTI,ITTI,,TIME,FTT-IH-NMM,-,-,2000,,Y,Y,
ILC4,FTT-IH-NMM The real bare LC without taxes,Meuros/MWh,RTI,ITTI,,TIME,FTT-IH-NMM,-,-,2000,,Y,Y,
ILG4,FTT-IH-NMM LC as seen by consumer,Meuros/MWh,RTI,ITTI,,TIME,FTT-IH-NMM,-,-,2000,,Y,Y,
ILD4,FTT-IH-NMM LC standard deviation,Meuros/MWh,RTI,ITTI,,TIME,FTT-IH-NMM,-,-,2000,,Y,Y,
IWE4,FTT-IH-NMM Emissions,kt of CO2,RTI,ITTI,,TIME,FTT-IH-NMM,2000,2015,2000,,,,
IHW4,FTT-IH-NMM Global average emissions per UED (kt of CO2/GWh),kt of CO2/GWh,,ITTI,,TIME,FTT-IH-NMM,2000,2015,2000,,,,
IAM4,FTT-IH-NMM gamma values,,RTI,ITTI,,TIME,FTT-IH-NMM,-,-,2000,,Y,Y,
IRG4,FTT-IH-NMM regulations (based on capacity),GW,RTI,ITTI,,TIME,FTT-IH-NMM,,,2000,,,,
ISB4,FTT-IH-NMM subsidies (percentage of investment cost),%,RTI,ITTI,,TIME,FTT-IH-NMM,,,2000,,,,
IXS4,FTT-IH-NMM exogenous share changes,%,RTI,ITTI,,TIME,FTT-IH-NMM,,,2000,,,,
IUD5,FTT-IH-OIS useful energy demand (GWh),GWh,RTI,ITTI,,TIME,FTT-IH-OIS2,1970,2015,1970,,Y,Y,
ISC5,FTT-IH-OIS market share caps,%,RTI,ITTI,,TIME,FTT-IH-OIS2,-,-,2015,-,Y,Y,
IWW5,FTT-IH-OIS cumulative capacities (EU28),GW,,ITTI,,TIME,FTT-IH-OIS2,-,-,2015,,Y,Y,
IWI5,FTT-IH-OIS yearly capacity additions,GW,RTI,ITTI,,TIME,FTT-IH-OIS2,1971,2015,1971,,Y,Y,
IWK5,FTT-IH-OIS yearly capacity ,GW,RTI,ITTI,,TIME,FTT-IH-OIS2,1970,2015,1970,,Y,Y,
IWA5,FTT-IH-OIS substitution matrix,rate,,ITTI,ITTI,,FTT-IH-OIS2,-,-,,,Y,Y,
BIC5,FTT-IH-OIS cost matrix,various,RTI,ITTI,CTTI,,FTT-IH-OIS2,-,-,,,Y,Y,
IWS5,FTT-IH-OIS market shares,%,RTI,ITTI,,TIME,FTT-IH-OIS2,2000,2015,2000,,Y,Y,
IWB5,FTT-IH-OIS learning spillover matrix,%,,ITTI,ITTI,,FTT-IH-OIS2,-,-,,,Y,Y,
IFD5,FTT-IH-OIS final energy demand,GWh,RTI,ITTI,,TIME,FTT-IH-OIS2,-,-,2000,,Y,Y,
ILC5,FTT-IH-OIS The real bare LC without taxes,Meuros/MWh,RTI,ITTI,,TIME,FTT-IH-OIS2,-,-,2000,,Y,Y,
ILG5,FTT-IH-OIS LC as seen by consumer,Meuros/MWh,RTI,ITTI,,TIME,FTT-IH-OIS2,-,-,2000,,Y,Y,
ILD5,FTT-IH-OIS LC standard deviation,Meuros/MWh,RTI,ITTI,,TIME,FTT-IH-OIS2,-,-,2000,,Y,Y,
IWE5,FTT-IH-OIS Emissions,kt of CO2,RTI,ITTI,,TIME,FTT-IH-OIS2,2000,2015,2000,,,,
IHW5,FTT-IH-OIS Global average emissions per UED (kt of CO2/GWh),kt of CO2/GWh,,ITTI,,TIME,FTT-IH-OIS2,2000,2015,2000,,,,
IAM5,FTT-IH-OIS gamma values,,RTI,ITTI,,TIME,FTT-IH-OIS2,-,-,2000,,Y,Y,
IRG5,FTT-IH-OIS regulations (based on capacity),GW,RTI,ITTI,,TIME,FTT-IH-OIS2,,,2000,,,,
ISB5,FTT-IH-OIS subsidies (percentage of investment cost),%,RTI,ITTI,,TIME,FTT-IH-OIS2,,,2000,,,,
IXS5,FTT-IH-OIS exogenous share changes,%,RTI,ITTI,,TIME,FTT-IH-OIS2,,,2000,,,,
RVKZ,FTT-Fr Demand,Million Tkm,RTI,FSTI,,TIME,FTT-Fr,,2018,1995,,,Y,
RFLZ,FTT-Fr Number in Fleet,veh,RTI,FSTI,,TIME,FTT-Fr,,2023,2001,,,Y,
ZEWS,FTT-Fr Market Shares,%,RTI,FTTI,,TIME,FTT-Fr,,2023,2001,,Y,Y,
ZREG,FTT-Fr regulations,,RTI,FTTI,,TIME,FTT-Fr,,,2018,,,Y,
ZWSA,FTT-Fr Exogenous market share,%,RTI,FTTI,,TIME,FTT-Fr,,,2018,,,Y,
ZTVT,FTT-Fr vehicle tax,$,RTI,FTTI,,TIME,FTT-Fr,,,2018,,,Y,
ZTRT,FTT-Fr Annual road tax,$/vehicle-y,RTI,FTTI,,TIME,FTT-Fr,,,2018,,,Y,
ZBFM,FTT-Fr Biofuel blending mandate,%,RTI,,,TIME,FTT-Fr,,,2018,,,Y,
RZCO,FTT-Fr Registration carbon tax,$/(gCO2/km),RTI,,,TIME,FTT-Fr,,,2018,,,Y,
BZTC,FTT-Fr Matrix of Cost Components,Various,RTI,FTTI,C6TI,,FTT-Fr,,2023,2024,,,,
BZTC initial,FTT-Fr Matrix of Cost Components,Various,RTI,FTTI,C6TI,,FTT-Fr,,,,,,,
ZEWA,FTT-Fr Substitution matrix,,,FTTI,FTTI,,FTT-Fr,,,,,,,
ZEWB,FTT-Fr Spillover matrix,,,FTTI,FTTI,,FTT-Fr,,,,,,,
ZESF,FTT-Fr Survival function,,RTI,,,TIME,FTT-Fr,,2019,1990,,,,
ZLOD,FTT-Fr Load Factors,t/v,RTI,LODZ,,,FTT-Fr,,,,,,,
ZJTT,FTT-Fr Tech Change Function,,RTI,,,TIME,FTT-Fr,,2019,1990,,,,
ZJET,FTT-Fr Technology to fuel user conversion matrix,,,FTTI,JTI,,FTT-Fr,,,,,,,
ZCEZ,FTT-Fr T-Scaling,,RTI,,,TIME,FTT-Fr,,,2019,,,,
ZTLC,FTT-Fr LCOF without policy,$/tkm,RTI,FTTI,,TIME,FTT-Fr,,,2001,,,Y,
ZTLD,FTT-Fr LCOF sd,$/tkm,RTI,FTTI,,TIME,FTT-Fr,,,2001,,,,
ZTTC,FTT-Fr LCOF with policy,$/tkm,RTI,FTTI,,TIME,FTT-Fr,,,2001,,,Y,
ZTTD,FTT-Fr LCOF with policy sd,$/tkm,RTI,FTTI,,TIME,FTT-Fr,,,2001,,,,
ZTLL,FTT-Fr LCOF logarithmic space with gamma,$/tkm,RTI,FTTI,,TIME,FTT-Fr,,,2001,,,,
ZTDD,FTT-Fr log space with gamma sd,$/tkm,RTI,FTTI,,TIME,FTT-Fr,,,2001,,,,
ZEGC,FTT-Fr LCOF with policy and gamma,$/tkm,RTI,FTTI,,TIME,FTT-Fr,,,2001,,Y,Y,
ZEWK,FTT-Fr Capacity by technology (number of vehicles),No. vehicles,RTI,FTTI,,TIME,FTT-Fr,,,2001,,Y,Y,
ZEWI,FTT-Fr New sales,No. vehicles,RTI,FTTI,,TIME,FTT-Fr,,,2001,,Y,Y,
ZEVV,FTT-Fr Service by Technology,Mvkm,RTI,FTTI,,TIME,FTT-Fr,,,2001,,,,
ZESG,FTT-Fr Total Service (Mvkm),Mvkm,RTI,FSTI,,TIME,FTT-Fr,,,2001,,,,
ZEST,FTT-Fr Service by Technology (MTkm),MTkm,RTI,FTTI,,TIME,FTT-Fr,,,2001,,,,
ZJEF,FTT-Fr Fuel use,ktoe,RTI,,,TIME,FTT-Fr,,,2001,,,Y,
ZJNJ,FTT-Fr Fuel use by fuel type,ktoe,RTI,JTI,,TIME,FTT-Fr,,,2001,,,,
ZEWE,FTT-Fr Emissions,MTCO2,RTI,FTTI,,TIME,FTT-Fr,,,2001,,,Y,
ZEWW,FTT-Fr Cumulative Capacities,No. vehicles,,FTTI,,TIME,FTT-Fr,,2018,2018,,,Y,
ZWIY,FTT-Fr Investment by Technology (monetary value),$,RTI,FTTI,,TIME,FTT-Fr,,,2001,,,Y,
EV truck mandate,FTT freight mandate information,,RTI,MAN,,,FTT-Fr,-,-,-,-,Y,Y,
EV truck kickstarter,FTT freight switch to turn on EV kickstarter policy,,RTI,,,,FTT-Fr,-,-,-,-,Y,Y,
EV truck CO2 regulation,FTT:Fr emissions regulation info,,RTI,MAN,,,FTT-Fr,-,-,-,-,Y,Y,
ZGAM,FTT-Fr Gamma values,$/tkm,RTI,FTTI,,TIME,FTT-Fr,,,2014,,,,
noit,Number of iterations per year,,,,,,General,,,2000,,,,no
IHF1,FTT-IH-CHI final fuel demand for industrial heat (ktoe),ktoe,RTI,JTI,,TIME,FTT-IH-CHI,,,2000,,,,
IHF2,FTT-IH-FBT final fuel demand for industrial heat (ktoe),ktoe,RTI,JTI,,TIME,FTT-IH-FBT,,,2000,,,,
IHF3,FTT-IH-MTM final fuel demand for industrial heat (ktoe),ktoe,RTI,JTI,,TIME,FTT-IH-MTM,,,2000,,,,
IHF4,FTT-IH-NMM final fuel demand for industrial heat (ktoe),ktoe,RTI,JTI,,TIME,FTT-IH-NMM,,,2000,,,,
IHF5,FTT-IH-OIS final fuel demand for industrial heat (ktoe),ktoe,RTI,JTI,,TIME,FTT-IH-OIS2,,,2000,,,,
IJT1,FTT-IH-CHI Tech to fuel conversion matrix (fuel x technology),,,JTI,ITTI,,FTT-IH-CHI,,,,,,,
IJT2,FTT-IH-FBT Tech to fuel conversion matrix (fuel x technology),,,JTI,ITTI,,FTT-IH-FBT,,,,,,,
IJT3,FTT-IH-MTM Tech to fuel conversion matrix (fuel x technology),,,JTI,ITTI,,FTT-IH-MTM,,,,,,,
IJT4,FTT-IH-NMM Tech to fuel conversion matrix (fuel x technology),,,JTI,ITTI,,FTT-IH-NMM,,,,,,,
IJT5,FTT-IH-OIS Tech to fuel conversion matrix (fuel x technology),,,JTI,ITTI,,FTT-IH-OIS2,,,,,,,
HWIY,FTT-H Investment by technology,2014 mEuros,RTI,HTTI,,TIME,FTT-H,,,2014,,,,
PRSC14,Price levels in 2014 (2010=100),index,RTI,,,TIME,FTT-H,-,-,2001,-,,Y,mean
MCTG,FTT:Power Gross curtailment rate by technology (-),%,RTI,T2TI,,TIME,FTT-P,,,2001,,,,mean
FU14A,Fuel demand for heating in 2014,GWh,RTI,JTI,,,FTT-H,-,-,,-,,Y,
FU14B,Fuel demand for heating in 2014,ktoe,RTI,JTI,,,FTT-H,-,-,,-,,Y,
MCSC,FTT:Power cost-supply curves,na,RTI,ERTI,CSCTI,,FTT-P,-,-,2001,-,Y,Y,mean
MCRT,FTT:Power curtailment of VRE (% of generation),%,RTI,,,TIME,FTT-P,-,-,2001,-,Y,Y,mean
MCRG,Curtailment,GWh,RTI,,,TIME,FTT-P,-,-,2001,-,Y,Y,sum
CO2taxP,FTT:P regional emission permit price,USD(2023)/tCO2,RTI,T2TI,,TIME,FTT-P,,,2010,,,,
CO2taxTr,FTT:Tr regional emission price,USD(2023)/tCO3,RTI,,,TIME,FTT-Tr,,,2010,,,,
CO2taxFr,FTT:Fr regional emissions price,USD(2023)/tCO4,RTI,,,TIME,FTT-Fr,,,2010,,,,
CO2taxH,FTT:H regional emissions price,USD(2023)/tCO5,RTI,,,TIME,FTT-H,,,2010,,,,
MCOC,FTT:Power CO2 cost component,USD/MWh,RTI,T2TI,,TIME,FTT-P,-,-,2001,-,Y,Y,mean
MCNA,FTT:Power Net curtailed electricity by technology (GWh/y),GWh,RTI,,,TIME,FTT-P,,,2001,,Y,Y,sum
MCGA,FTT:Power Gross curtailed electricity by technology (GWh/y),GWh,RTI,,,TIME,FTT-P,,,2001,,Y,Y,sum
MCFC,FTT:Power load factor scaling cost component,USD/MWh,RTI,T2TI,,TIME,FTT-P,-,-,2001,-,Y,Y,mean
MCCS,FTT:Power technology to fuel use conversion matrix incl CCS,na,,T2TI,JTI,,FTT-P,-,-,2001,-,Y,Y,no
MADG,Additional generation due storage losses and curtailment,GWh,RTI,,,TIME,FTT-P,-,-,2001,-,Y,Y,sum
FRETX,Exogenous FRET (from E3ME run),ktoe,RTI,FUTI,,TIME,General,-,-,2010,From E3ME results,Y,Y,
EXX,Exchange rate (2010=100) from E3ME,index,RTI,,,TIME,FTT-P,-,-,2010,From E3ME results,Y,Y,mean
EX13,Exchange rate in 2013 (2010=100),index,RTI,,,TIME,FTT-P,-,-,2001,-,,Y,
REXX,EU local currency per euro rates from E3ME,index,RTI,,,TIME,FTT-P,-,-,2010,From E3ME results,Y,Y,mean
REX13,EU local currency per euro rates,index,RTI,,,TIME,FTT-P,-,-,2001,-,,Y,
LAT,Latitude by region,degrees,RTI,,,,FTT-P,-,-,-,-,,Y,mean
RLDCMAP,RLDC climate zone index per region (0-7),index,RTI,,,,FTT-P,-,-,-,-,,Y,mode
BCET,FTT:Power matrix of technology costs,various,RTI,T2TI,C2TI,,FTT-P,-,2023,2001,-,Y,Y,mean
IFT1,FTT-IH-CHI Fuel tax (2010 Euros/MWh) ,2010 Euros/MWh,RTI,ITTI,,TIME,FTT-IH-CHI,-,-,2000,-,Y,Y,
IFT2,FTT-IH-FBT Fuel tax (2010 Euros/MWh),2010 Euros/MWh,RTI,ITTI,,TIME,FTT-IH-FBT,-,-,2000,-,Y,Y,
IFT3,FTT-IH-MTM Fuel tax (2010 Euros/MWh) ,2010 Euros/MWh,RTI,ITTI,,TIME,FTT-IH-MTM,-,-,2000,-,Y,Y,
IFT4,FTT-IH-NMM Fuel tax (2010 Euros/MWh) ,2010 Euros/MWh,RTI,ITTI,,TIME,FTT-IH-NMM,-,-,2000,-,Y,Y,
IFT5,FTT-IH-OIS Fuel tax (2010 Euros/MWh) ,2010 Euros/MWh,RTI,ITTI,,TIME,FTT-IH-OIS2,-,-,2000,-,Y,Y,
RZFT,FTT-Fr Fuel tax,$/MJ,RTI,,,TIME,FTT-Fr,-,-,2018,-,,,
MTFT,FTT:Power fuel tax,,RTI,T2TI,,TIME,FTT-P,-,-,2001,,,,mean
ZWIC,FTT-Fr Vehicle purchase cost,$,RTI,FTTI,,TIME,FTT-Fr,-,-,2001,-,,Y,
ZWFC,FTT-Fr Fuel cost,$/km,RTI,FTTI,,TIME,FTT-Fr,-,-,2001,-,,Y,
Second-hand batteries by age,Second-hand batteries from transport and freight,GWh,RTI,battery_ages,,TIME,FTT-P,-,-,2010,-,Y,Y,
Second-hand battery stock,Sum of second-hand batteries,GWh,RTI,,,TIME,FTT-P,-,-,2010,-,Y,Y,
MPRI,FTT:Power,"Switch for electricity price calculation (1=Double weighted LCOE, 2=Merit order approach)",RTI,,,,FTT-P,-,-,-,-,Y,Y,
SectorCouplingAssumps,Assumptions for sector coupling,,,SCA,,,General,-,-,-,,Y,Y,
V2G battery stock,Available EV battery stock given participation rate and use,GWh,RTI,,,TIME,FTT-P,-,-,2010,-,Y,Y,
Battery cap additions,Capacity additions per timestep per model,GWh,models_w_batteries,noit,,TIME,General,-,-,2020,-,-,-,
Cumulative total batcap,Cumulative capacity over batteries across sectors,GWh,,,,TIME,General,-,-,2020,-,-,-,
ZEVC,Starting non-battery costs of a truck,USD/veh,RTI,FTTI,,TIME,FTT-Fr,,,2001,,,,
Battery price,Battery prices for transport and freight,USD/kWh,RTI,,,TIME,General,2018,2023,2018,,,,
